,제목,포스터,평점
283,컨택트,https://movie-phinf.pstatic.net/20170126_165/1485396001082SL5mI_JPEG/movie_image.jpg?type=f172_234,8.24
5450,미워도 다시 한번 1부,https://movie-phinf.pstatic.net/20190905_165/1567671106846nlA1D_PNG/movie_image.jpg?type=f172_234,7.63
6555,미워도 다시 한번 2부,https://movie-phinf.pstatic.net/20190905_72/1567671201979wego6_PNG/movie_image.jpg?type=f172_234,5.5
6475,어라이벌,https://movie-phinf.pstatic.net/20111222_23/1324542144136K1l91_JPEG/movie_image.jpg?type=f172_234,7.08
567,49일의 레시피,https://movie-phinf.pstatic.net/20170111_213/1484115818545bJFqp_JPEG/movie_image.jpg?type=f172_234,6.8
8907,파드레,https://movie-phinf.pstatic.net/20180820_99/15347423944787bFGw_JPEG/movie_image.jpg?type=f172_234,4.33
7903,라스트 선라이즈,https://movie-phinf.pstatic.net/20191230_202/157767225545199fXC_JPEG/movie_image.jpg?type=f172_234,5.01
5463,마티아스와 막심,https://movie-phinf.pstatic.net/20200707_140/1594088533585ADVHN_JPEG/movie_image.jpg?type=f172_234,8.24
3771,브레인 온 파이어,https://movie-phinf.pstatic.net/20171117_255/15108810505362fF9m_JPEG/movie_image.jpg?type=f172_234,7.87
4523,성균관 스캔들 더무비,https://movie-phinf.pstatic.net/20140127_284/1390811045115tqmCK_JPEG/movie_image.jpg?type=f172_234,8.88
